cluster_id,store_count,weekly_employee_demand,centroid_latitude,centroid_longitude
0,25,3028,29.223591768000002,48.077694875999995
1,3,638,28.78822933666667,48.048931833333334
2,15,1484,29.086743218,48.123762286
3,6,330,28.671440411666666,48.347342258333335
4,22,2674,29.157058536363635,48.10530784409091
5,2,182,29.323871,47.79023674
6,3,522,28.962985333333336,48.161462
