total_trips,avg_occupancy,avg_distance_km,avg_duration_min
447,0.8590604026845637,29.605369127516774,53.61744966442953
